Sname,Longitude,Latitude,cluster
Aruba,-69.98267711,12.52088038,0.0
Afghanistan,66.00473366,33.83523073,1.0
Angola,17.53736768,-12.29336054,1.0
Anguilla,-63.06498927,18.2239595,0.0
Albania,20.04983396,41.14244989,1.0
Aland,19.95328768,60.21488688,1.0
Andorra,1.56054378,42.54229102,1.0
United Arab Emirates,54.3001671,23.90528188,1.0
Argentina,-65.17980692,-35.3813488,0.0
Armenia,44.92993276,40.28952569,1.0
American Samoa,-170.7180258,-14.30445997,0.0
Antarctica,19.92108951,-80.50857913,1.0
Ashmore and Cartier Is.,123.5838379,-12.42993164,2.0
Fr. S. Antarctic Lands,69.22666758,-49.24895485,2.0
Antigua and Barb.,-61.79469343,17.2774996,0.0
Australia,134.4910001,-25.73288704,2.0
Austria,14.1264761,47.58549439,1.0
Azerbaijan,47.54599879,40.28827235,1.0
Burundi,29.87512156,-3.35939666,1.0
Belgium,4.64065114,50.63981576,1.0
Benin,2.32785254,9.6417597,1.0
Burkina Faso,-1.75456601,12.26953846,1.0
Bangladesh,90.23812743,23.86731158,2.0
Bulgaria,25.21552909,42.76890318,1.0
Bahrain,50.54196932,26.04205135,1.0
Canada,-98.30777028,61.36206324,0.0
Bahamas,-76.62843038,24.29036702,0.0
Bosnia and Herz.,17.76876733,44.17450125,1.0
St-BarthÃ©lemy,-62.84067779,17.89880451,0.0
Belarus,28.03209307,53.53131377,1.0
Belize,-88.71010486,17.20027509,0.0
Bermuda,-64.7545589,32.31367802,0.0
Bolivia,-64.68538645,-16.70814787,0.0
Brazil,-53.09783113,-10.78777702,0.0
Barbados,-59.559797,13.18145428,0.0
Brunei,114.7220304,4.51968958,2.0
Bhutan,90.40188155,27.41106589,2.0
Botswana,23.79853368,-22.18403213,1.0
Central African Rep.,20.46826831,6.56823297,1.0
Switzerland,8.20867471,46.79785878,1.0
Chile,-71.38256213,-37.73070989,0.0
China,103.8190735,36.56176546,2.0
CÃ´te d'Ivoire,-5.5692157,7.6284262,1.0
Cameroon,12.73964156,5.69109849,1.0
Dem. Rep. Congo,23.64396107,-2.87746289,1.0
Congo,15.21965762,-0.83787463,1.0
Cook Is.,-159.7872422,-21.21927288,0.0
Colombia,-73.08114582,3.91383431,0.0
Comoros,43.68253968,-11.87783444,1.0
Cape Verde,-23.9598882,15.95523324,1.0
Costa Rica,-84.19208768,9.97634464,0.0
Cuba,-79.01605384,21.62289528,0.0
CuraÃ§ao,-68.97119369,12.19551675,0.0
Cayman Is.,-80.91213321,19.42896497,0.0
N. Cyprus,33.5684813,35.26277486,1.0
Cyprus,33.0060022,34.91667211,1.0
Czech Rep.,15.31240163,49.73341233,1.0
Germany,10.38578051,51.10698181,1.0
Djibouti,42.5606754,11.74871806,1.0
Dominica,-61.357726,15.4394702,0.0
Denmark,10.02800992,55.98125296,1.0
Dominican Rep.,-70.50568896,18.89433082,0.0
Algeria,2.61732301,28.15893849,1.0
Ecuador,-78.75201922,-1.42381612,0.0
Egypt,29.86190099,26.49593311,1.0
Eritrea,38.84617011,15.36186618,1.0
Spain,-3.64755047,40.24448698,1.0
Estonia,25.54248537,58.67192972,1.0
Ethiopia,39.60080098,8.62278679,1.0
Finland,26.2746656,64.49884603,1.0
Fiji,165.4519543,-17.42858032,2.0
Falkland Is.,-59.35238956,-51.74483954,0.0
France,-2.76172945,42.17344011,1.0
Faeroe Is.,-6.88095423,62.05385403,1.0
Micronesia,153.2394379,7.45246814,2.0
Gabon,11.7886287,-0.58660025,1.0
United Kingdom,-2.86563164,54.12387156,1.0
Georgia,43.50780252,42.16855755,1.0
Guernsey,-2.57239064,49.46809761,1.0
Ghana,-1.21676566,7.95345644,1.0
Guinea,-10.94066612,10.43621593,1.0
Gambia,-15.39601295,13.44965244,1.0
Guinea-Bissau,-14.94972445,12.04744948,1.0
Eq. Guinea,10.34137924,1.70555135,1.0
Greece,22.95555794,39.07469623,1.0
Grenada,-61.68220189,12.11725044,0.0
Greenland,-41.34191127,74.71051289,0.0
Guatemala,-90.36482009,15.69403664,0.0
Guam,144.7679102,13.44165626,2.0
Guyana,-58.98202459,4.79378034,0.0
Hong Kong,114.1138045,22.39827737,2.0
Heard I. and McDonald Is.,73.5205171,-53.08724656,2.0
Honduras,-86.6151661,14.82688165,0.0
Croatia,16.40412899,45.08047631,1.0
Haiti,-72.68527509,18.93502563,0.0
Hungary,19.39559116,47.16277506,1.0
Indonesia,117.2401137,-2.21505456,2.0
Isle of Man,-4.53873952,54.22418911,1.0
India,79.6119761,22.88578212,2.0
Indian Ocean Ter.,104.851898,-10.6478515,2.0
Br. Indian Ocean Ter.,72.44541229,-7.33059751,2.0
Ireland,-8.13793569,53.1754487,1.0
Iran,54.27407004,32.57503292,1.0
Iraq,43.74353149,33.03970582,1.0
Iceland,-18.57396167,64.99575386,1.0
Israel,35.00444693,31.46110101,1.0
Italy,12.07001339,42.79662641,1.0
Jamaica,-77.31482593,18.15694878,0.0
Jersey,-2.12689938,49.21837377,1.0
Jordan,36.77136104,31.24579091,1.0
Japan,138.0308956,37.59230135,2.0
Siachen Glacier,77.18011865,35.39236325,2.0
Kazakhstan,67.29149357,48.15688067,1.0
Kenya,37.79593973,0.59988022,1.0
Kyrgyzstan,74.54165513,41.46221943,1.0
Cambodia,104.9069433,12.72004786,2.0
Kiribati,-45.61110513,0.86001503,0.0
St. Kitts and Nevis,-62.68755265,17.2645995,0.0
Korea,127.8391609,36.38523983,2.0
Kosovo,20.87249811,42.57078707,1.0
Kuwait,47.58700459,29.33431262,1.0
Lao PDR,103.7377241,18.50217433,2.0
Lebanon,35.88016072,33.92306631,1.0
Liberia,-9.32207573,6.45278492,1.0
Libya,18.00866169,27.03094495,1.0
Saint Lucia,-60.96969923,13.89479481,0.0
Liechtenstein,9.53574312,47.13665835,1.0
Sri Lanka,80.70108238,7.61266509,2.0
Lesotho,28.22723131,-29.58003188,1.0
Lithuania,23.88719355,55.32610984,1.0
Luxembourg,6.07182201,49.76725361,1.0
Latvia,24.91235983,56.85085163,1.0
Macao,113.5093212,22.22311688,2.0
St-Martin,-63.05972851,18.08888611,0.0
Morocco,-8.45615795,29.83762955,1.0
Monaco,7.40627677,43.75274627,1.0
Moldova,28.45673372,47.19498804,1.0
Madagascar,46.70473674,-19.37189587,1.0
Maldives,73.45713004,3.7287092,2.0
Mexico,-102.5234517,23.94753724,0.0
Marshall Is.,170.3397612,7.00376358,2.0
Macedonia,21.68211346,41.59530893,1.0
Mali,-3.54269065,17.34581581,1.0
Malta,14.40523316,35.92149632,1.0
Myanmar,96.48843321,21.18566599,2.0
Montenegro,19.23883939,42.78890259,1.0
Mongolia,103.0529977,46.82681544,2.0
N. Mariana Is.,145.6196965,15.82927563,2.0
Mozambique,35.53367543,-17.27381643,1.0
Mauritania,-10.34779815,20.25736706,1.0
Montserrat,-62.18518546,16.73941406,0.0
Mauritius,57.57120551,-20.27768704,1.0
Malawi,34.28935599,-13.21808088,1.0
Malaysia,109.6976228,3.78986846,2.0
Namibia,17.20963567,-22.13032568,1.0
New Caledonia,165.6849237,-21.29991806,2.0
Niger,9.38545882,17.41912493,1.0
Norfolk Island,167.9492168,-29.0514609,2.0
Nigeria,8.08943895,9.59411452,1.0
Nicaragua,-85.0305297,12.84709429,0.0
Niue,-169.8699468,-19.04945708,0.0
Netherlands,5.28144793,52.1007899,1.0
Norway,15.34834656,68.75015572,1.0
Nepal,83.9158264,28.24891365,2.0
Nauru,166.9325682,-0.51912639,2.0
New Zealand,171.4849235,-41.81113557,2.0
Oman,56.09166155,20.60515333,1.0
Pakistan,69.33957937,29.9497515,1.0
Panama,-80.11915156,8.51750797,0.0
Pitcairn Is.,-128.317042,-24.36500535,0.0
Peru,-74.38242685,-9.15280381,0.0
Philippines,122.8839325,11.77536778,2.0
Palau,134.4080797,7.28742784,2.0
Papua New Guinea,145.2074475,-6.46416646,2.0
Poland,19.39012835,52.12759564,1.0
Puerto Rico,-66.47307604,18.22813055,0.0
Dem. Rep. Korea,127.1924797,40.15350311,2.0
Portugal,-8.50104361,39.59550671,1.0
Paraguay,-58.40013703,-23.22823913,0.0
Palestine,35.19628705,31.91613893,1.0
Fr. Polynesia,-144.9049439,-14.72227409,0.0
Qatar,51.18479632,25.30601188,1.0
Romania,24.97293039,45.85243127,1.0
Russia,96.68656112,61.98052209,2.0
Rwanda,29.91988515,-1.99033832,1.0
W. Sahara,-12.21982755,24.22956739,1.0
Saudi Arabia,44.53686271,24.12245841,1.0
Sudan,29.94046812,15.99035669,1.0
S. Sudan,30.24790002,7.30877945,1.0
Senegal,-14.4734924,14.36624173,1.0
Singapore,103.8172559,1.35876087,2.0
S. Geo. and S. Sandw. Is.,-36.43318388,-54.46488248,0.0
Saint Helena,-9.54779416,-12.40355951,1.0
Solomon Is.,159.6328767,-8.92178022,2.0
Sierra Leone,-11.79271247,8.56329593,1.0
El Salvador,-88.87164469,13.73943744,0.0
San Marino,12.45922334,43.94186747,1.0
Somaliland,46.25198395,9.73345496,1.0
Somalia,45.70714487,4.75062876,1.0
St. Pierre and Miquelon,-56.30319779,46.91918789,0.0
Serbia,20.78958334,44.2215032,1.0
SÃ£o TomÃ© and Principe,6.72429658,0.44391445,1.0
Suriname,-55.9123457,4.13055413,0.0
Slovakia,19.47905218,48.70547528,1.0
Slovenia,14.80444238,46.11554772,1.0
Sweden,16.74558049,62.77966519,1.0
Swaziland,31.4819369,-26.55843045,1.0
Sint Maarten,-63.05713363,18.05081728,0.0
Seychelles,55.47603279,-4.66099094,1.0
Syria,38.50788204,35.02547389,1.0
Turks and Caicos Is.,-71.97387881,21.83047572,0.0
Chad,18.64492513,15.33333758,1.0
Togo,0.96232845,8.52531356,1.0
Thailand,101.0028813,15.11815794,2.0
Tajikistan,71.01362631,38.5304539,1.0
Turkmenistan,59.37100021,39.11554137,1.0
Timor-Leste,125.8443898,-8.82889162,2.0
Tonga,-174.8098734,-20.42843174,0.0
Trinidad and Tobago,-61.26567923,10.45733408,0.0
Tunisia,9.55288359,34.11956246,1.0
Turkey,35.16895346,39.0616029,1.0
Taiwan,120.9542728,23.7539928,2.0
Tanzania,34.81309981,-6.27565408,1.0
Uganda,32.36907971,1.27469299,1.0
Ukraine,31.38326469,48.99656673,1.0
Uruguay,-56.01807053,-32.79951534,0.0
United States,-112.4616737,45.6795472,0.0
Uzbekistan,63.14001528,41.75554225,1.0
Vatican,12.43387177,41.90174985,1.0
St. Vin. and Gren.,-61.20129695,13.22472269,0.0
Venezuela,-66.18184123,7.12422421,0.0
British Virgin Is.,-64.47146992,18.52585755,0.0
U.S. Virgin Is.,-64.80301538,17.95500624,0.0
Vietnam,106.299147,16.6460167,2.0
Vanuatu,167.6864464,-16.22640909,2.0
Wallis and Futuna Is.,-177.3483483,-13.88737039,0.0
Samoa,-172.1648506,-13.75324346,0.0
Yemen,47.58676189,15.90928005,1.0
South Africa,25.08390093,-29.00034095,1.0
Zambia,27.77475946,-13.45824152,1.0
Zimbabwe,29.8514412,-19.00420419,1.0
